pttest01,password1
pttest02,password1
pttest03,password1
pttest04,password1
pttest05,password1
pttest06,password1
pttest07,password1
pttest08,password1
pttest09,password1
pttest10,password1
pttest11,password1
pttest12,password1
pttest13,password1
pttest14,password1
pttest15,password1
pttest16,password1
pttest17,password1
pttest18,password1
pttest19,password1
pttest20,password1
pttest21,password1
pttest22,password1
pttest23,password1
pttest24,password1
pttest25,password1
pttest26,password1
pttest27,password1
pttest28,password1
pttest29,password1
pttest30,password1
pttest31,password1
pttest32,password1
pttest33,password1
pttest34,password1
pttest35,password1
pttest36,password1
pttest37,password1
pttest38,password1
pttest39,password1
pttest40,password1
pttest41,password1
pttest42,password1
pttest43,password1
pttest44,password1
pttest45,password1
pttest46,password1
pttest47,password1
pttest48,password1
pttest49,password1
pttest50,password1
pttest51,password1
pttest52,password1
pttest53,password1
pttest54,password1
pttest55,password1
pttest56,password1
pttest57,password1
pttest58,password1
pttest59,password1
pttest60,password1
pttest61,password1
pttest62,password1
pttest63,password1
pttest64,password1
pttest65,password1
pttest66,password1
pttest67,password1
pttest68,password1
pttest69,password1
pttest70,password1
pttest71,password1
pttest72,password1
pttest73,password1
pttest74,password1
pttest75,password1
pttest76,password1
pttest77,password1
pttest78,password1
pttest79,password1
pttest80,password1
pttest81,password1
pttest82,password1
pttest83,password1
pttest84,password1
pttest85,password1
pttest86,password1
pttest87,password1
pttest88,password1
pttest89,password1
pttest90,password1
pttest91,password1
pttest92,password1
pttest93,password1
pttest94,password1
pttest95,password1
pttest96,password1
pttest97,password1
pttest98,password1
pttest99,password1
pttest100,password1
pttest101,password1
pttest102,password1
pttest103,password1
pttest104,password1
pttest105,password1
pttest106,password1
pttest107,password1
pttest108,password1
pttest109,password1
pttest110,password1
pttest111,password1
pttest112,password1
pttest113,password1
pttest114,password1
pttest115,password1
pttest116,password1
pttest117,password1
pttest118,password1
pttest119,password1
pttest120,password1
pttest121,password1
pttest122,password1
pttest123,password1
pttest124,password1
pttest125,password1
pttest126,password1
pttest127,password1
pttest128,password1
pttest129,password1
pttest130,password1
pttest131,password1
pttest132,password1
pttest133,password1
pttest134,password1
pttest135,password1
pttest136,password1
pttest137,password1
pttest138,password1
pttest139,password1
pttest140,password1
pttest141,password1
pttest142,password1
pttest143,password1
pttest144,password1
pttest145,password1
pttest146,password1
pttest147,password1
pttest148,password1
pttest149,password1
pttest150,password1
pttest151,password1
pttest152,password1
pttest153,password1
pttest154,password1
pttest155,password1
pttest156,password1
pttest157,password1
pttest158,password1
pttest159,password1
pttest160,password1
pttest161,password1
pttest162,password1
pttest163,password1
pttest164,password1
pttest165,password1
pttest166,password1
pttest167,password1
pttest168,password1
pttest169,password1
pttest170,password1
pttest171,password1
pttest172,password1
pttest173,password1
pttest174,password1
pttest175,password1
pttest176,password1
pttest177,password1
pttest178,password1
pttest179,password1
pttest180,password1
pttest181,password1
pttest182,password1
pttest183,password1
pttest184,password1
pttest185,password1
pttest186,password1
pttest187,password1
pttest188,password1
pttest189,password1
pttest190,password1
pttest191,password1
pttest192,password1
pttest193,password1
pttest194,password1
pttest195,password1
pttest196,password1
pttest197,password1
pttest198,password1
pttest199,password1
pttest200,password1
pttest201,password1
pttest202,password1
pttest203,password1
pttest204,password1
pttest205,password1
pttest206,password1
pttest207,password1
pttest208,password1
pttest209,password1
pttest210,password1
pttest211,password1
pttest212,password1
pttest213,password1
pttest214,password1
pttest215,password1
pttest216,password1
pttest217,password1
pttest218,password1
pttest219,password1
pttest220,password1
pttest221,password1
pttest222,password1
pttest223,password1
pttest224,password1
pttest225,password1
pttest226,password1
pttest227,password1
pttest228,password1
pttest229,password1
pttest230,password1
pttest231,password1
pttest232,password1
pttest233,password1
pttest234,password1
pttest235,password1
pttest236,password1
pttest237,password1
pttest238,password1
pttest239,password1
pttest240,password1
pttest241,password1
pttest242,password1
pttest243,password1
pttest244,password1
pttest245,password1
pttest246,password1
pttest247,password1
pttest248,password1
pttest249,password1
pttest250,password1
pttest251,password1
pttest252,password1
pttest253,password1
pttest254,password1
pttest255,password1
pttest256,password1
pttest257,password1
pttest258,password1
pttest259,password1
pttest260,password1
pttest261,password1
pttest262,password1
pttest263,password1
pttest264,password1
pttest265,password1
pttest266,password1
pttest267,password1
pttest268,password1
pttest269,password1
pttest270,password1
pttest271,password1
pttest272,password1
pttest273,password1
pttest274,password1
pttest275,password1
pttest276,password1
pttest277,password1
pttest278,password1
pttest279,password1
pttest280,password1
pttest281,password1
pttest282,password1
pttest283,password1
pttest284,password1
pttest285,password1
pttest286,password1
pttest287,password1
pttest288,password1
pttest289,password1
pttest290,password1
pttest291,password1
pttest292,password1
pttest293,password1
pttest294,password1
pttest295,password1
pttest296,password1
pttest297,password1
pttest298,password1
pttest299,password1
pttest300,password1
pttest301,password1
pttest302,password1
pttest303,password1
pttest304,password1
pttest305,password1
pttest306,password1
pttest307,password1
pttest308,password1
pttest309,password1
pttest310,password1
pttest311,password1
pttest312,password1
pttest313,password1
pttest314,password1
pttest315,password1
pttest316,password1
pttest317,password1
pttest318,password1
pttest319,password1
pttest320,password1
pttest321,password1
pttest322,password1
pttest323,password1
pttest324,password1
pttest325,password1
pttest326,password1
pttest327,password1
pttest328,password1
pttest329,password1
pttest330,password1
pttest331,password1
pttest332,password1
pttest333,password1
pttest334,password1
pttest335,password1
pttest336,password1
pttest337,password1
pttest338,password1
pttest339,password1
pttest340,password1
pttest341,password1
pttest342,password1
pttest343,password1
pttest344,password1
pttest345,password1
pttest346,password1
pttest347,password1
pttest348,password1
pttest349,password1
pttest350,password1
pttest351,password1
pttest352,password1
pttest353,password1
pttest354,password1
pttest355,password1
pttest356,password1
pttest357,password1
pttest358,password1
pttest359,password1
pttest360,password1
pttest361,password1
pttest362,password1
pttest363,password1
pttest364,password1
pttest365,password1
pttest366,password1
pttest367,password1
pttest368,password1
pttest369,password1
pttest370,password1
pttest371,password1
pttest372,password1
pttest373,password1
pttest374,password1
pttest375,password1
pttest376,password1
pttest377,password1
pttest378,password1
pttest379,password1
pttest380,password1
pttest381,password1
pttest382,password1
pttest383,password1
pttest384,password1
pttest385,password1
pttest386,password1
pttest387,password1
pttest388,password1
pttest389,password1
pttest390,password1
pttest391,password1
pttest392,password1
pttest393,password1
pttest394,password1
pttest395,password1
pttest396,password1
pttest397,password1
pttest398,password1
pttest399,password1
pttest400,password1
pttest401,password1
pttest402,password1
pttest403,password1
pttest404,password1
pttest405,password1
pttest406,password1
pttest407,password1
pttest408,password1
pttest409,password1
pttest410,password1
pttest411,password1
pttest412,password1
pttest413,password1
pttest414,password1
pttest415,password1
pttest416,password1
pttest417,password1
pttest418,password1
pttest419,password1
pttest420,password1
pttest421,password1
pttest422,password1
pttest423,password1
pttest424,password1
pttest425,password1
pttest426,password1
pttest427,password1
pttest428,password1
pttest429,password1
pttest430,password1
pttest431,password1
pttest432,password1
pttest433,password1
pttest434,password1
pttest435,password1
pttest436,password1
pttest437,password1
pttest438,password1
pttest439,password1
pttest440,password1
pttest441,password1
pttest442,password1
pttest443,password1
pttest444,password1
pttest445,password1
pttest446,password1
pttest447,password1
pttest448,password1
pttest449,password1
pttest450,password1
pttest451,password1
pttest452,password1
pttest453,password1
pttest454,password1
pttest455,password1
pttest456,password1
pttest457,password1
pttest458,password1
pttest459,password1
pttest460,password1
pttest461,password1
pttest462,password1
pttest463,password1
pttest464,password1
pttest465,password1
pttest466,password1
pttest467,password1
pttest468,password1
pttest469,password1
pttest470,password1
pttest471,password1
pttest472,password1
pttest473,password1
pttest474,password1
pttest475,password1
pttest476,password1
pttest477,password1
pttest478,password1
pttest479,password1
pttest480,password1
pttest481,password1
pttest482,password1
pttest483,password1
pttest484,password1
pttest485,password1
pttest486,password1
pttest487,password1
pttest488,password1
pttest489,password1
pttest490,password1
pttest491,password1
pttest492,password1
pttest493,password1
pttest494,password1
pttest495,password1
pttest496,password1
pttest497,password1
pttest498,password1
pttest499,password1
pttest500,password1
