bank%20of%20hawaii,50402a03-4746-4fd4-9c67-b41993b4d7e2
bank%20of%20new%20york%20mellon,7f09d920-6369-4768-ae27-b9166f27385d
unibank%20commercial,f019ab4a-889c-4fce-8680-9039cfa26781
Ashikaga%20Bank%20Ltd%20,4a864fcb-ae99-4aa2-9d99-33fc0cc979a0
bank%20%20of%20greece,864d7cdd-07af-4871-986c-911aa5b516ea
bank,b989a916-0ed6-4faf-857b-d622544afbc1
credit%20union,82bcb64f-8e34-4678-89cd-7d12706829f5
The%20Standard%20Bank%20of%20South%20Africa%20Ltd,dcbad2f7-e267-450d-b609-3f4d7e489b71
THE%20NATIONAL%20COMMERCIAL%20BANK,5caa20c9-b7ca-41c6-a63c-2d64c42d756d
Bank%20of%20America,4b66205a-309b-4973-9f2b-517dcd6baeb9
Saudi%20National%20Commercial%20Bank,f2ceca0a-ce85-42af-83b3-0fd9e8ec7ef0
BRED%20Banque%20Populaire,1942043f-8759-4e73-96a1-cb8207c3cb7d
First%20bank,266a0207-0293-4477-a719-ec4037f9a059
Bank%20of%20Montreal,013ce0fa-a421-4388-88de-88a52cef95ec
Deutsche%20Bank,a3e78d6b-953a-497a-a745-9503e162b504
ING%20Belgique%20SA,da54ecf8-bfaa-4eb0-ab46-59738e85dbbc
Wright%20Patt%20Credit%20Union%20Inc,a1636928-8359-4376-b6c2-750ba8c58df4
Bank%20of%20Maringouin,905a14b9-358f-470f-bc5f-95429d3deb20
Vimpelin%20Osuuspankki,9b73b3d2-1852-4a55-8749-aae454eb3832
State%20Bank%20of%20India,0049cd54-7833-4d1b-af22-b49e84811eb9