uboperftest1,https://kyc-web-live-647924467.us-west-2.elb.amazonaws.com/kyc-webapp/#/legalEntity/284009/ownership/owners/summary,https://kyc-web-live-647924467.us-west-2.elb.amazonaws.com/kyc-webapp/#/legalEntity/284009/ownership/owners/graph,https://kyc-web-live-647924467.us-west-2.elb.amazonaws.com/kyc-webapp/#/legalEntity/477/ownership/subsidiaries/summary,https://kyc-web-live-647924467.us-west-2.elb.amazonaws.com/kyc-webapp/#/legalEntity/119483/ownership/subsidiaries/graph,https://kyc-web-live-647924467.us-west-2.elb.amazonaws.com/kyc-webapp/#/legalEntity/269306/entityDetails,https://kyc-web-live-647924467.us-west-2.elb.amazonaws.com/kyc-webapp/#/legalEntity/11262/ownership/groupStructure/summary,https://kyc-web-live-647924467.us-west-2.elb.amazonaws.com/kyc-webapp/#/legalEntity/11262/ownership/groupStructure/graph,https://kyc-web-live-647924467.us-west-2.elb.amazonaws.com/kyc-webapp/#/home
uboperftest2,https://kyc-web-live-647924467.us-west-2.elb.amazonaws.com/kyc-webapp/#/legalEntity/12538/ownership/owners/summary,https://kyc-web-live-647924467.us-west-2.elb.amazonaws.com/kyc-webapp/#/legalEntity/12538/ownership/owners/graph,https://kyc-web-live-647924467.us-west-2.elb.amazonaws.com/kyc-webapp/#/legalEntity/234162/ownership/subsidiaries/summary,https://kyc-web-live-647924467.us-west-2.elb.amazonaws.com/kyc-webapp/#/legalEntity/139036/ownership/subsidiaries/graph,https://kyc-web-live-647924467.us-west-2.elb.amazonaws.com/kyc-webapp/#/legalEntity/519/entityDetails,https://kyc-web-live-647924467.us-west-2.elb.amazonaws.com/kyc-webapp/#/legalEntity/1045/ownership/groupStructure/summary,https://kyc-web-live-647924467.us-west-2.elb.amazonaws.com/kyc-webapp/#/legalEntity/1045/ownership/groupStructure/graph,https://kyc-web-live-647924467.us-west-2.elb.amazonaws.com/kyc-webapp/#/home
uboperftest3,https://kyc-web-live-647924467.us-west-2.elb.amazonaws.com/kyc-webapp/#/legalEntity/11262/ownership/owners/summary,https://kyc-web-live-647924467.us-west-2.elb.amazonaws.com/kyc-webapp/#/legalEntity/3112/ownership/owners/graph,https://kyc-web-live-647924467.us-west-2.elb.amazonaws.com/kyc-webapp/#/legalEntity/152796/ownership/subsidiaries/summary,https://kyc-web-live-647924467.us-west-2.elb.amazonaws.com/kyc-webapp/#/legalEntity/188409/ownership/subsidiaries/graph,https://kyc-web-live-647924467.us-west-2.elb.amazonaws.com/kyc-webapp/#/legalEntity/498/entityDetails,https://kyc-web-live-647924467.us-west-2.elb.amazonaws.com/kyc-webapp/#/legalEntity/477/ownership/groupStructure/summary,https://kyc-web-live-647924467.us-west-2.elb.amazonaws.com/kyc-webapp/#/legalEntity/477/ownership/groupStructure/graph,https://kyc-web-live-647924467.us-west-2.elb.amazonaws.com/kyc-webapp/#/home
uboperftest4,https://kyc-web-live-647924467.us-west-2.elb.amazonaws.com/kyc-webapp/#/legalEntity/3112/ownership/owners/summary,https://kyc-web-live-647924467.us-west-2.elb.amazonaws.com/kyc-webapp/#/legalEntity/11262/ownership/owners/graph,https://kyc-web-live-647924467.us-west-2.elb.amazonaws.com/kyc-webapp/#/legalEntity/232576/ownership/subsidiaries/summary,https://kyc-web-live-647924467.us-west-2.elb.amazonaws.com/kyc-webapp/#/legalEntity/222918/ownership/subsidiaries/graph,https://kyc-web-live-647924467.us-west-2.elb.amazonaws.com/kyc-webapp/#/legalEntity/58285/entityDetails,https://kyc-web-live-647924467.us-west-2.elb.amazonaws.com/kyc-webapp/#/legalEntity/11262/ownership/groupStructure/summary,https://kyc-web-live-647924467.us-west-2.elb.amazonaws.com/kyc-webapp/#/legalEntity/11262/ownership/groupStructure/graph,https://kyc-web-live-647924467.us-west-2.elb.amazonaws.com/kyc-webapp/#/home
uboperftest5,https://kyc-web-live-647924467.us-west-2.elb.amazonaws.com/kyc-webapp/#/legalEntity/222566/ownership/owners/summary,https://kyc-web-live-647924467.us-west-2.elb.amazonaws.com/kyc-webapp/#/legalEntity/222566/ownership/owners/graph,https://kyc-web-live-647924467.us-west-2.elb.amazonaws.com/kyc-webapp/#/legalEntity/4672/ownership/subsidiaries/summary,https://kyc-web-live-647924467.us-west-2.elb.amazonaws.com/kyc-webapp/#/legalEntity/6272/ownership/subsidiaries/graph,https://kyc-web-live-647924467.us-west-2.elb.amazonaws.com/kyc-webapp/#/legalEntity/1663/entityDetails,https://kyc-web-live-647924467.us-west-2.elb.amazonaws.com/kyc-webapp/#/legalEntity/444/ownership/groupStructure/summary,https://kyc-web-live-647924467.us-west-2.elb.amazonaws.com/kyc-webapp/#/legalEntity/444/ownership/groupStructure/graph,https://kyc-web-live-647924467.us-west-2.elb.amazonaws.com/kyc-webapp/#/home
uboperftest6,https://kyc-web-live-647924467.us-west-2.elb.amazonaws.com/kyc-webapp/#/legalEntity/334181/ownership/owners/summary,https://kyc-web-live-647924467.us-west-2.elb.amazonaws.com/kyc-webapp/#/legalEntity/334181/ownership/owners/graph,https://kyc-web-live-647924467.us-west-2.elb.amazonaws.com/kyc-webapp/#/legalEntity/1663/ownership/subsidiaries/summary,https://kyc-web-live-647924467.us-west-2.elb.amazonaws.com/kyc-webapp/#/legalEntity/9461/ownership/subsidiaries/graph,https://kyc-web-live-647924467.us-west-2.elb.amazonaws.com/kyc-webapp/#/legalEntity/1038/entityDetails,https://kyc-web-live-647924467.us-west-2.elb.amazonaws.com/kyc-webapp/#/legalEntity/321265/ownership/groupStructure/summary,https://kyc-web-live-647924467.us-west-2.elb.amazonaws.com/kyc-webapp/#/legalEntity/321265/ownership/groupStructure/graph,https://kyc-web-live-647924467.us-west-2.elb.amazonaws.com/kyc-webapp/#/home
uboperftest7,https://kyc-web-live-647924467.us-west-2.elb.amazonaws.com/kyc-webapp/#/legalEntity/322986/ownership/owners/summary,https://kyc-web-live-647924467.us-west-2.elb.amazonaws.com/kyc-webapp/#/legalEntity/3827/ownership/owners/graph,https://kyc-web-live-647924467.us-west-2.elb.amazonaws.com/kyc-webapp/#/legalEntity/1812/ownership/subsidiaries/summary,https://kyc-web-live-647924467.us-west-2.elb.amazonaws.com/kyc-webapp/#/legalEntity/320620/ownership/subsidiaries/graph,https://kyc-web-live-647924467.us-west-2.elb.amazonaws.com/kyc-webapp/#/legalEntity/1857/entityDetails,https://kyc-web-live-647924467.us-west-2.elb.amazonaws.com/kyc-webapp/#/legalEntity/211/ownership/groupStructure/summary,https://kyc-web-live-647924467.us-west-2.elb.amazonaws.com/kyc-webapp/#/legalEntity/211/ownership/groupStructure/graph,https://kyc-web-live-647924467.us-west-2.elb.amazonaws.com/kyc-webapp/#/home
uboperftest8,https://kyc-web-live-647924467.us-west-2.elb.amazonaws.com/kyc-webapp/#/legalEntity/3827/ownership/owners/summary,https://kyc-web-live-647924467.us-west-2.elb.amazonaws.com/kyc-webapp/#/legalEntity/67451/ownership/owners/graph,https://kyc-web-live-647924467.us-west-2.elb.amazonaws.com/kyc-webapp/#/legalEntity/211/ownership/subsidiaries/summary,https://kyc-web-live-647924467.us-west-2.elb.amazonaws.com/kyc-webapp/#/legalEntity/246335/ownership/subsidiaries/graph,https://kyc-web-live-647924467.us-west-2.elb.amazonaws.com/kyc-webapp/#/legalEntity/815/entityDetails,https://kyc-web-live-647924467.us-west-2.elb.amazonaws.com/kyc-webapp/#/legalEntity/444/ownership/groupStructure/summary,https://kyc-web-live-647924467.us-west-2.elb.amazonaws.com/kyc-webapp/#/legalEntity/444/ownership/groupStructure/graph,https://kyc-web-live-647924467.us-west-2.elb.amazonaws.com/kyc-webapp/#/home
uboperftest9,https://kyc-web-live-647924467.us-west-2.elb.amazonaws.com/kyc-webapp/#/legalEntity/2995/ownership/owners/summary,https://kyc-web-live-647924467.us-west-2.elb.amazonaws.com/kyc-webapp/#/legalEntity/236583/ownership/owners/graph,https://kyc-web-live-647924467.us-west-2.elb.amazonaws.com/kyc-webapp/#/legalEntity/1568/ownership/subsidiaries/summary,https://kyc-web-live-647924467.us-west-2.elb.amazonaws.com/kyc-webapp/#/legalEntity/139980/ownership/subsidiaries/graph,https://kyc-web-live-647924467.us-west-2.elb.amazonaws.com/kyc-webapp/#/legalEntity/2249/entityDetails,https://kyc-web-live-647924467.us-west-2.elb.amazonaws.com/kyc-webapp/#/legalEntity/192834/ownership/groupStructure/summary,https://kyc-web-live-647924467.us-west-2.elb.amazonaws.com/kyc-webapp/#/legalEntity/2249/ownership/groupStructure/graph,https://kyc-web-live-647924467.us-west-2.elb.amazonaws.com/kyc-webapp/#/home
uboperftest10,https://kyc-web-live-647924467.us-west-2.elb.amazonaws.com/kyc-webapp/#/legalEntity/54533/ownership/owners/summary,https://kyc-web-live-647924467.us-west-2.elb.amazonaws.com/kyc-webapp/#/legalEntity/236576/ownership/owners/graph,https://kyc-web-live-647924467.us-west-2.elb.amazonaws.com/kyc-webapp/#/legalEntity/1038/ownership/subsidiaries/summary,https://kyc-web-live-647924467.us-west-2.elb.amazonaws.com/kyc-webapp/#/legalEntity/1038/ownership/subsidiaries/graph,https://kyc-web-live-647924467.us-west-2.elb.amazonaws.com/kyc-webapp/#/legalEntity/360/entityDetails,https://kyc-web-live-647924467.us-west-2.elb.amazonaws.com/kyc-webapp/#/legalEntity/1038/ownership/groupStructure/summary,https://kyc-web-live-647924467.us-west-2.elb.amazonaws.com/kyc-webapp/#/legalEntity/1038/ownership/groupStructure/graph,https://kyc-web-live-647924467.us-west-2.elb.amazonaws.com/kyc-webapp/#/home
uboperftest11,https://kyc-web-live-647924467.us-west-2.elb.amazonaws.com/kyc-webapp/#/legalEntity/518/ownership/owners/summary,https://kyc-web-live-647924467.us-west-2.elb.amazonaws.com/kyc-webapp/#/legalEntity/236521/ownership/owners/graph,https://kyc-web-live-647924467.us-west-2.elb.amazonaws.com/kyc-webapp/#/legalEntity/2031/ownership/subsidiaries/summary,https://kyc-web-live-647924467.us-west-2.elb.amazonaws.com/kyc-webapp/#/legalEntity/234162/ownership/subsidiaries/graph,https://kyc-web-live-647924467.us-west-2.elb.amazonaws.com/kyc-webapp/#/legalEntity/192048/entityDetails,https://kyc-web-live-647924467.us-west-2.elb.amazonaws.com/kyc-webapp/#/legalEntity/188060/ownership/groupStructure/summary,https://kyc-web-live-647924467.us-west-2.elb.amazonaws.com/kyc-webapp/#/legalEntity/518/ownership/groupStructure/graph,https://kyc-web-live-647924467.us-west-2.elb.amazonaws.com/kyc-webapp/#/home
uboperftest12,https://kyc-web-live-647924467.us-west-2.elb.amazonaws.com/kyc-webapp/#/legalEntity/4381/ownership/owners/summary,https://kyc-web-live-647924467.us-west-2.elb.amazonaws.com/kyc-webapp/#/legalEntity/4381/ownership/owners/graph,https://kyc-web-live-647924467.us-west-2.elb.amazonaws.com/kyc-webapp/#/legalEntity/9331/ownership/subsidiaries/summary,https://kyc-web-live-647924467.us-west-2.elb.amazonaws.com/kyc-webapp/#/legalEntity/163564/ownership/subsidiaries/graph,https://kyc-web-live-647924467.us-west-2.elb.amazonaws.com/kyc-webapp/#/legalEntity/1152/entityDetails,https://kyc-web-live-647924467.us-west-2.elb.amazonaws.com/kyc-webapp/#/legalEntity/187701/ownership/groupStructure/summary,https://kyc-web-live-647924467.us-west-2.elb.amazonaws.com/kyc-webapp/#/legalEntity/518/ownership/groupStructure/graph,https://kyc-web-live-647924467.us-west-2.elb.amazonaws.com/kyc-webapp/#/home
