pftest01,welcome1
pftest02,welcome1
pftest03,welcome1
pftest04,welcome1
pftest05,welcome1
pftest06,welcome1
pftest07,welcome1
pftest08,welcome1
pftest09,welcome1
pftest10,welcome1
pftest11,welcome1
pftest12,welcome1
pftest13,welcome1
pftest14,welcome1
pftest15,welcome1
pftest16,welcome1
pftest17,welcome1
pftest18,welcome1
pftest19,welcome1
pftest20,welcome1
pftest21,welcome1
pftest22,welcome1
pftest23,welcome1
pftest24,welcome1
pftest25,welcome1
pftest26,welcome1
pftest27,welcome1
pftest28,welcome1
pftest29,welcome1
pftest30,welcome1
pftest31,welcome1
pftest32,welcome1
pftest33,welcome1
pftest34,welcome1
pftest35,welcome1
pftest36,welcome1
pftest37,welcome1
pftest38,welcome1
pftest39,welcome1
pftest40,welcome1
pftest41,welcome1
pftest42,welcome1
pftest43,welcome1
pftest44,welcome1
pftest45,welcome1
pftest46,welcome1
pftest47,welcome1
pftest48,welcome1
pftest49,welcome1
pftest50,welcome1
pftest51,welcome1
pftest52,welcome1
pftest53,welcome1
pftest54,welcome1
pftest55,welcome1
pftest56,welcome1
pftest57,welcome1
pftest58,welcome1
pftest59,welcome1
pftest60,welcome1
pftest61,welcome1
pftest62,welcome1
pftest63,welcome1
pftest64,welcome1
pftest65,welcome1
pftest66,welcome1
pftest67,welcome1
pftest68,welcome1
pftest69,welcome1
pftest70,welcome1
pftest71,welcome1
pftest72,welcome1
pftest73,welcome1
pftest74,welcome1
pftest75,welcome1
pftest76,welcome1
pftest77,welcome1
pftest78,welcome1
pftest79,welcome1
pftest80,welcome1
pftest81,welcome1
pftest82,welcome1
pftest83,welcome1
pftest84,welcome1
pftest85,welcome1
pftest86,welcome1
pftest87,welcome1
pftest88,welcome1
pftest89,welcome1
pftest90,welcome1
pftest91,welcome1
pftest92,welcome1
pftest93,welcome1
pftest94,welcome1
pftest95,welcome1
pftest96,welcome1
pftest97,welcome1
pftest98,welcome1
pftest99,welcome1
pftest100,welcome1
pftest101,welcome1
pftest102,welcome1
pftest103,welcome1
pftest104,welcome1
pftest105,welcome1
pftest106,welcome1
pftest107,welcome1
pftest108,welcome1
pftest109,welcome1
pftest110,welcome1
pftest111,welcome1
pftest112,welcome1
pftest113,welcome1
pftest114,welcome1
pftest115,welcome1
pftest116,welcome1
pftest117,welcome1
pftest118,welcome1
pftest119,welcome1
pftest120,welcome1
pftest121,welcome1
pftest122,welcome1
pftest123,welcome1
pftest124,welcome1
pftest125,welcome1
pftest126,welcome1
pftest127,welcome1
pftest128,welcome1
pftest129,welcome1
pftest130,welcome1
pftest131,welcome1
pftest132,welcome1
pftest133,welcome1
pftest134,welcome1
pftest135,welcome1
pftest136,welcome1
pftest137,welcome1
pftest138,welcome1
pftest139,welcome1
pftest140,welcome1
pftest141,welcome1
pftest142,welcome1
pftest143,welcome1
pftest144,welcome1
pftest145,welcome1
pftest146,welcome1
pftest147,welcome1
pftest148,welcome1
pftest149,welcome1
pftest150,welcome1
pftest151,welcome1
pftest152,welcome1
pftest153,welcome1
pftest154,welcome1
pftest155,welcome1
pftest156,welcome1
pftest157,welcome1
pftest158,welcome1
pftest159,welcome1
pftest160,welcome1
pftest161,welcome1
pftest162,welcome1
pftest163,welcome1
pftest164,welcome1
pftest165,welcome1
pftest166,welcome1
pftest167,welcome1
pftest168,welcome1
pftest169,welcome1
pftest170,welcome1
pftest171,welcome1
pftest172,welcome1
pftest173,welcome1
pftest174,welcome1
pftest175,welcome1
pftest176,welcome1
pftest177,welcome1
pftest178,welcome1
pftest179,welcome1
pftest180,welcome1
pftest181,welcome1
pftest182,welcome1
pftest183,welcome1
pftest184,welcome1
pftest185,welcome1
pftest186,welcome1
pftest187,welcome1
pftest188,welcome1
pftest189,welcome1
pftest190,welcome1
pftest191,welcome1
pftest192,welcome1
pftest193,welcome1
pftest194,welcome1
pftest195,welcome1
pftest196,welcome1
pftest197,welcome1
pftest198,welcome1
pftest199,welcome1
pftest200,welcome1
pftest201,welcome1
pftest202,welcome1
pftest203,welcome1
pftest204,welcome1
pftest205,welcome1
pftest206,welcome1
pftest207,welcome1
pftest208,welcome1
pftest209,welcome1
pftest210,welcome1
pftest211,welcome1
pftest212,welcome1
pftest213,welcome1
pftest214,welcome1
pftest215,welcome1
pftest216,welcome1
pftest217,welcome1
pftest218,welcome1
pftest219,welcome1
pftest220,welcome1
pftest221,welcome1
pftest222,welcome1
pftest223,welcome1
pftest224,welcome1
pftest225,welcome1
pftest226,welcome1
pftest227,welcome1
pftest228,welcome1
pftest229,welcome1
pftest230,welcome1
pftest231,welcome1
pftest232,welcome1
pftest233,welcome1
pftest234,welcome1
pftest235,welcome1
pftest236,welcome1
pftest237,welcome1
pftest238,welcome1
pftest239,welcome1
pftest240,welcome1
pftest241,welcome1
pftest242,welcome1
pftest243,welcome1
pftest244,welcome1
pftest245,welcome1
pftest246,welcome1
pftest247,welcome1
pftest248,welcome1
pftest249,welcome1
pftest250,welcome1
pftest251,welcome1
pftest252,welcome1
pftest253,welcome1
pftest254,welcome1
pftest255,welcome1
pftest256,welcome1
pftest257,welcome1
pftest258,welcome1
pftest259,welcome1
pftest260,welcome1
pftest261,welcome1
pftest262,welcome1
pftest263,welcome1
pftest264,welcome1
pftest265,welcome1
pftest266,welcome1
pftest267,welcome1
pftest268,welcome1
pftest269,welcome1
pftest270,welcome1
pftest271,welcome1
pftest272,welcome1
pftest273,welcome1
pftest274,welcome1
pftest275,welcome1
pftest276,welcome1
pftest277,welcome1
pftest278,welcome1
pftest279,welcome1
pftest280,welcome1
pftest281,welcome1
pftest282,welcome1
pftest283,welcome1
pftest284,welcome1
pftest285,welcome1
pftest286,welcome1
pftest287,welcome1
pftest288,welcome1
pftest289,welcome1
pftest290,welcome1
pftest291,welcome1
pftest292,welcome1
pftest293,welcome1
pftest294,welcome1
pftest295,welcome1
pftest296,welcome1
pftest297,welcome1
pftest298,welcome1
pftest299,welcome1
pftest300,welcome1
pftest301,welcome1
pftest302,welcome1
pftest303,welcome1
pftest304,welcome1
pftest305,welcome1
pftest306,welcome1
pftest307,welcome1
pftest308,welcome1
pftest309,welcome1
pftest310,welcome1
pftest311,welcome1
pftest312,welcome1
pftest313,welcome1
pftest314,welcome1
pftest315,welcome1
pftest316,welcome1
pftest317,welcome1
pftest318,welcome1
pftest319,welcome1
pftest320,welcome1
pftest321,welcome1
pftest322,welcome1
pftest323,welcome1
pftest324,welcome1
pftest325,welcome1
pftest326,welcome1
pftest327,welcome1
pftest328,welcome1
pftest329,welcome1
pftest330,welcome1
pftest331,welcome1
pftest332,welcome1
pftest333,welcome1
pftest334,welcome1
pftest335,welcome1
pftest336,welcome1
pftest337,welcome1
pftest338,welcome1
pftest339,welcome1
pftest340,welcome1
pftest341,welcome1
pftest342,welcome1
pftest343,welcome1
pftest344,welcome1
pftest345,welcome1
pftest346,welcome1
pftest347,welcome1
pftest348,welcome1
pftest349,welcome1
pftest350,welcome1
pftest351,welcome1
pftest352,welcome1
pftest353,welcome1
pftest354,welcome1
pftest355,welcome1
pftest356,welcome1
pftest357,welcome1
pftest358,welcome1
pftest359,welcome1
pftest360,welcome1
pftest361,welcome1
pftest362,welcome1
pftest363,welcome1
pftest364,welcome1
pftest365,welcome1
pftest366,welcome1
pftest367,welcome1
pftest368,welcome1
pftest369,welcome1
pftest370,welcome1
pftest371,welcome1
pftest372,welcome1
pftest373,welcome1
pftest374,welcome1
pftest375,welcome1
pftest376,welcome1
pftest377,welcome1
pftest378,welcome1
pftest379,welcome1
pftest380,welcome1
pftest381,welcome1
pftest382,welcome1
pftest383,welcome1
pftest384,welcome1
pftest385,welcome1
pftest386,welcome1
pftest387,welcome1
pftest388,welcome1
pftest389,welcome1
pftest390,welcome1
pftest391,welcome1
pftest392,welcome1
pftest393,welcome1
pftest394,welcome1
pftest395,welcome1
pftest396,welcome1
pftest397,welcome1
pftest398,welcome1
pftest399,welcome1
pftest400,welcome1
pftest401,welcome1
pftest402,welcome1
pftest403,welcome1
pftest404,welcome1
pftest405,welcome1
pftest406,welcome1
pftest407,welcome1
pftest408,welcome1
pftest409,welcome1
pftest410,welcome1
pftest411,welcome1
pftest412,welcome1
pftest413,welcome1
pftest414,welcome1
pftest415,welcome1
pftest416,welcome1
pftest417,welcome1
pftest418,welcome1
pftest419,welcome1
pftest420,welcome1
pftest421,welcome1
pftest422,welcome1
pftest423,welcome1
pftest424,welcome1
pftest425,welcome1
pftest426,welcome1
pftest427,welcome1
pftest428,welcome1
pftest429,welcome1
pftest430,welcome1
pftest431,welcome1
pftest432,welcome1
pftest433,welcome1
pftest434,welcome1
pftest435,welcome1
pftest436,welcome1
pftest437,welcome1
pftest438,welcome1
pftest439,welcome1
pftest440,welcome1
pftest441,welcome1
pftest442,welcome1
pftest443,welcome1
pftest444,welcome1
pftest445,welcome1
pftest446,welcome1
pftest447,welcome1
pftest448,welcome1
pftest449,welcome1
pftest450,welcome1
pftest451,welcome1
pftest452,welcome1
pftest453,welcome1
pftest454,welcome1
pftest455,welcome1
pftest456,welcome1
pftest457,welcome1
pftest458,welcome1
pftest459,welcome1
pftest460,welcome1
pftest461,welcome1
pftest462,welcome1
pftest463,welcome1
pftest464,welcome1
pftest465,welcome1
pftest466,welcome1
pftest467,welcome1
pftest468,welcome1
pftest469,welcome1
pftest470,welcome1
pftest471,welcome1
pftest472,welcome1
pftest473,welcome1
pftest474,welcome1
pftest475,welcome1
pftest476,welcome1
pftest477,welcome1
pftest478,welcome1
pftest479,welcome1
pftest480,welcome1
pftest481,welcome1
pftest482,welcome1
pftest483,welcome1
pftest484,welcome1
pftest485,welcome1
pftest486,welcome1
pftest487,welcome1
pftest488,welcome1
pftest489,welcome1
pftest490,welcome1
pftest491,welcome1
pftest492,welcome1
pftest493,welcome1
pftest494,welcome1
pftest495,welcome1
pftest496,welcome1
pftest497,welcome1
pftest498,welcome1
pftest499,welcome1
pftest500,welcome1
pftest501,welcome1
pftest502,welcome1
pftest503,welcome1
pftest504,welcome1
pftest505,welcome1
pftest506,welcome1
pftest507,welcome1
pftest508,welcome1
pftest509,welcome1
pftest510,welcome1
pftest511,welcome1
pftest512,welcome1
pftest513,welcome1
pftest514,welcome1
pftest515,welcome1
pftest516,welcome1
pftest517,welcome1
pftest518,welcome1
pftest519,welcome1
pftest520,welcome1
pftest521,welcome1
pftest522,welcome1
pftest523,welcome1
pftest524,welcome1
pftest525,welcome1
pftest526,welcome1
pftest527,welcome1
pftest528,welcome1
pftest529,welcome1
pftest530,welcome1
pftest531,welcome1
pftest532,welcome1
pftest533,welcome1
pftest534,welcome1
pftest535,welcome1
pftest536,welcome1
pftest537,welcome1
pftest538,welcome1
pftest539,welcome1
pftest540,welcome1
pftest541,welcome1
pftest542,welcome1
pftest543,welcome1
pftest544,welcome1
pftest545,welcome1
pftest546,welcome1
pftest547,welcome1
pftest548,welcome1
pftest549,welcome1
pftest550,welcome1
pftest551,welcome1
pftest552,welcome1
pftest553,welcome1
pftest554,welcome1
pftest555,welcome1
pftest556,welcome1
pftest557,welcome1
pftest558,welcome1
pftest559,welcome1
pftest560,welcome1
pftest561,welcome1
pftest562,welcome1
pftest563,welcome1
pftest564,welcome1
pftest565,welcome1
pftest566,welcome1
pftest567,welcome1
pftest568,welcome1
pftest569,welcome1
pftest570,welcome1
pftest571,welcome1
pftest572,welcome1
pftest573,welcome1
pftest574,welcome1
pftest575,welcome1
pftest576,welcome1
pftest577,welcome1
pftest578,welcome1
pftest579,welcome1
pftest580,welcome1
pftest581,welcome1
pftest582,welcome1
pftest583,welcome1
pftest584,welcome1
pftest585,welcome1
pftest586,welcome1
pftest587,welcome1
pftest588,welcome1
pftest589,welcome1
pftest590,welcome1
pftest591,welcome1
pftest592,welcome1
pftest593,welcome1
pftest594,welcome1
pftest595,welcome1
pftest596,welcome1
pftest597,welcome1
pftest598,welcome1
pftest599,welcome1
pftest600,welcome1
pftest601,welcome1
pftest602,welcome1
pftest603,welcome1
pftest604,welcome1
pftest605,welcome1
pftest606,welcome1
pftest607,welcome1
pftest608,welcome1
pftest609,welcome1
pftest610,welcome1
pftest611,welcome1
pftest612,welcome1
pftest613,welcome1
pftest614,welcome1
pftest615,welcome1
pftest616,welcome1
pftest617,welcome1
pftest618,welcome1
pftest619,welcome1
pftest620,welcome1
pftest621,welcome1
pftest622,welcome1
pftest623,welcome1
pftest624,welcome1
pftest625,welcome1
pftest626,welcome1
pftest627,welcome1
pftest628,welcome1
pftest629,welcome1
pftest630,welcome1
pftest631,welcome1
pftest632,welcome1
pftest633,welcome1
pftest634,welcome1
pftest635,welcome1
pftest636,welcome1
pftest637,welcome1
pftest638,welcome1
pftest639,welcome1
pftest640,welcome1
pftest641,welcome1
pftest642,welcome1
pftest643,welcome1
pftest644,welcome1
pftest645,welcome1
pftest646,welcome1
pftest647,welcome1
pftest648,welcome1
pftest649,welcome1
pftest650,welcome1
pftest651,welcome1
pftest652,welcome1
pftest653,welcome1
pftest654,welcome1
pftest655,welcome1
pftest656,welcome1
pftest657,welcome1
pftest658,welcome1
pftest659,welcome1
pftest660,welcome1
pftest661,welcome1
pftest662,welcome1
pftest663,welcome1
pftest664,welcome1
pftest665,welcome1
pftest666,welcome1
pftest667,welcome1
pftest668,welcome1
pftest669,welcome1
pftest670,welcome1
pftest671,welcome1
pftest672,welcome1
pftest673,welcome1
pftest674,welcome1
pftest675,welcome1
pftest676,welcome1
pftest677,welcome1
pftest678,welcome1
pftest679,welcome1
pftest680,welcome1
pftest681,welcome1
pftest682,welcome1
pftest683,welcome1
pftest684,welcome1
pftest685,welcome1
pftest686,welcome1
pftest687,welcome1
pftest688,welcome1
pftest689,welcome1
pftest690,welcome1
pftest691,welcome1
pftest692,welcome1
pftest693,welcome1
pftest694,welcome1
pftest695,welcome1
pftest696,welcome1
pftest697,welcome1
pftest698,welcome1
pftest699,welcome1
pftest700,welcome1
pftest701,welcome1
pftest702,welcome1
pftest703,welcome1
pftest704,welcome1
pftest705,welcome1
pftest706,welcome1
pftest707,welcome1
pftest708,welcome1
pftest709,welcome1
pftest710,welcome1
pftest711,welcome1
pftest712,welcome1
pftest713,welcome1
pftest714,welcome1
pftest715,welcome1
pftest716,welcome1
pftest717,welcome1
pftest718,welcome1
pftest719,welcome1
pftest720,welcome1
pftest721,welcome1
pftest722,welcome1
pftest723,welcome1
pftest724,welcome1
pftest725,welcome1
pftest726,welcome1
pftest727,welcome1
pftest728,welcome1
pftest729,welcome1
pftest730,welcome1
pftest731,welcome1
pftest732,welcome1
pftest733,welcome1
pftest734,welcome1
pftest735,welcome1
pftest736,welcome1
pftest737,welcome1
pftest738,welcome1
pftest739,welcome1
pftest740,welcome1
pftest741,welcome1
pftest742,welcome1
pftest743,welcome1
pftest744,welcome1
pftest745,welcome1
pftest746,welcome1
pftest747,welcome1
pftest748,welcome1
pftest749,welcome1
pftest750,welcome1
pftest751,welcome1
pftest752,welcome1
pftest753,welcome1
pftest754,welcome1
pftest755,welcome1
pftest756,welcome1
pftest757,welcome1
pftest758,welcome1
pftest759,welcome1
pftest760,welcome1
pftest761,welcome1
pftest762,welcome1
pftest763,welcome1
pftest764,welcome1
pftest765,welcome1
pftest766,welcome1
pftest767,welcome1
pftest768,welcome1
pftest769,welcome1
pftest770,welcome1
pftest771,welcome1
pftest772,welcome1
pftest773,welcome1
pftest774,welcome1
pftest775,welcome1
pftest776,welcome1
pftest777,welcome1
pftest778,welcome1
pftest779,welcome1
pftest780,welcome1
pftest781,welcome1
pftest782,welcome1
pftest783,welcome1
pftest784,welcome1
pftest785,welcome1
pftest786,welcome1
pftest787,welcome1
pftest788,welcome1
pftest789,welcome1
pftest790,welcome1
pftest791,welcome1
pftest792,welcome1
pftest793,welcome1
pftest794,welcome1
pftest795,welcome1
pftest796,welcome1
pftest797,welcome1
pftest798,welcome1
pftest799,welcome1
pftest800,welcome1
pftest801,welcome1
pftest802,welcome1
pftest803,welcome1
pftest804,welcome1
pftest805,welcome1
pftest806,welcome1
pftest807,welcome1
pftest808,welcome1
pftest809,welcome1
pftest810,welcome1
pftest811,welcome1
pftest812,welcome1
pftest813,welcome1
pftest814,welcome1
pftest815,welcome1
pftest816,welcome1
pftest817,welcome1
pftest818,welcome1
pftest819,welcome1
pftest820,welcome1
pftest821,welcome1
pftest822,welcome1
pftest823,welcome1
pftest824,welcome1
pftest825,welcome1
pftest826,welcome1
pftest827,welcome1
pftest828,welcome1
pftest829,welcome1
pftest830,welcome1
pftest831,welcome1
pftest832,welcome1
pftest833,welcome1
pftest834,welcome1
pftest835,welcome1
pftest836,welcome1
pftest837,welcome1
pftest838,welcome1
pftest839,welcome1
pftest840,welcome1
pftest841,welcome1
pftest842,welcome1
pftest843,welcome1
pftest844,welcome1
pftest845,welcome1
pftest846,welcome1
pftest847,welcome1
pftest848,welcome1
pftest849,welcome1
pftest850,welcome1
pftest851,welcome1
pftest852,welcome1
pftest853,welcome1
pftest854,welcome1
pftest855,welcome1
pftest856,welcome1
pftest857,welcome1
pftest858,welcome1
pftest859,welcome1
pftest860,welcome1
pftest861,welcome1
pftest862,welcome1
pftest863,welcome1
pftest864,welcome1
pftest865,welcome1
pftest866,welcome1
pftest867,welcome1
pftest868,welcome1
pftest869,welcome1
pftest870,welcome1
pftest871,welcome1
pftest872,welcome1
pftest873,welcome1
pftest874,welcome1
pftest875,welcome1
pftest876,welcome1
pftest877,welcome1
pftest878,welcome1
pftest879,welcome1
pftest880,welcome1
pftest881,welcome1
pftest882,welcome1
pftest883,welcome1
pftest884,welcome1
pftest885,welcome1
pftest886,welcome1
pftest887,welcome1
pftest888,welcome1
pftest889,welcome1
pftest890,welcome1
pftest891,welcome1
pftest892,welcome1
pftest893,welcome1
pftest894,welcome1
pftest895,welcome1
pftest896,welcome1
pftest897,welcome1
pftest898,welcome1
pftest899,welcome1
pftest900,welcome1
pftest901,welcome1
pftest902,welcome1
pftest903,welcome1
pftest904,welcome1
pftest905,welcome1
pftest906,welcome1
pftest907,welcome1
pftest908,welcome1
pftest909,welcome1
pftest910,welcome1
pftest911,welcome1
pftest912,welcome1
pftest913,welcome1
pftest914,welcome1
pftest915,welcome1
pftest916,welcome1
pftest917,welcome1
pftest918,welcome1
pftest919,welcome1
pftest920,welcome1
pftest921,welcome1
pftest922,welcome1
pftest923,welcome1
pftest924,welcome1
pftest925,welcome1
pftest926,welcome1
pftest927,welcome1
pftest928,welcome1
pftest929,welcome1
pftest930,welcome1
pftest931,welcome1
pftest932,welcome1
pftest933,welcome1
pftest934,welcome1
pftest935,welcome1
pftest936,welcome1
pftest937,welcome1
pftest938,welcome1
pftest939,welcome1
pftest940,welcome1
pftest941,welcome1
pftest942,welcome1
pftest943,welcome1
pftest944,welcome1
pftest945,welcome1
pftest946,welcome1
pftest947,welcome1
pftest948,welcome1
pftest949,welcome1
pftest950,welcome1
pftest951,welcome1
pftest952,welcome1
pftest953,welcome1
pftest954,welcome1
pftest955,welcome1
pftest956,welcome1
pftest957,welcome1
pftest958,welcome1
pftest959,welcome1
pftest960,welcome1
pftest961,welcome1
pftest962,welcome1
pftest963,welcome1
pftest964,welcome1
pftest965,welcome1
pftest966,welcome1
pftest967,welcome1
pftest968,welcome1
pftest969,welcome1
pftest970,welcome1
pftest971,welcome1
pftest972,welcome1
pftest973,welcome1
pftest974,welcome1
pftest975,welcome1
pftest976,welcome1
pftest977,welcome1
pftest978,welcome1
pftest979,welcome1
pftest980,welcome1
pftest981,welcome1
pftest982,welcome1
pftest983,welcome1
pftest984,welcome1
pftest985,welcome1
pftest986,welcome1
pftest987,welcome1
pftest988,welcome1
pftest989,welcome1
pftest990,welcome1
pftest991,welcome1
pftest992,welcome1
pftest993,welcome1
pftest994,welcome1
pftest995,welcome1
pftest996,welcome1
pftest997,welcome1
pftest998,welcome1
pftest999,welcome1
pftest1000,welcome1
