ptest1,password1
ptest2,password1
ptest3,password1
ptest4,password1
ptest5,password1
ptest6,password1
ptest7,password1
ptest8,password1
ptest9,password1
ptest10,password1
ptest11,password1
ptest12,password1
ptest13,password1
ptest14,password1
ptest15,password1
ptest16,password1
ptest17,password1
ptest18,password1
ptest19,password1
ptest20,password1
ptest21,password1
ptest22,password1
ptest23,password1
ptest24,password1
ptest25,password1
ptest26,password1
ptest27,password1
ptest28,password1
ptest29,password1
ptest30,password1
ptest31,password1
ptest32,password1
ptest33,password1
ptest34,password1
ptest35,password1
ptest36,password1
ptest37,password1
ptest38,password1
ptest39,password1
ptest40,password1
ptest41,password1
ptest42,password1
ptest43,password1
ptest44,password1
ptest45,password1
ptest46,password1
ptest47,password1
ptest48,password1
ptest49,password1
ptest50,password1
ptest51,password1
ptest52,password1
ptest53,password1
ptest54,password1
ptest55,password1
ptest56,password1
ptest57,password1
ptest58,password1
ptest59,password1
ptest60,password1
ptest61,password1
ptest62,password1
ptest63,password1
ptest64,password1
ptest65,password1
ptest66,password1
ptest67,password1
ptest68,password1
ptest69,password1
ptest70,password1
ptest71,password1
ptest72,password1
ptest73,password1
ptest74,password1
ptest75,password1
ptest76,password1
ptest77,password1
ptest78,password1
ptest79,password1
ptest80,password1
ptest81,password1
ptest82,password1
ptest83,password1
ptest84,password1
ptest85,password1
ptest86,password1
ptest87,password1
ptest88,password1
ptest89,password1
ptest90,password1
ptest91,password1
ptest92,password1
ptest93,password1
ptest94,password1
ptest95,password1
ptest96,password1
ptest97,password1
ptest98,password1
ptest99,password1
ptest100,password1
ptest101,password1
ptest102,password1
ptest103,password1
ptest104,password1
ptest105,password1
ptest106,password1
ptest107,password1
ptest108,password1
ptest109,password1
ptest110,password1
ptest111,password1
ptest112,password1
ptest113,password1
ptest114,password1
ptest115,password1
ptest116,password1
ptest117,password1
ptest118,password1
ptest119,password1
ptest120,password1
ptest121,password1
ptest122,password1
ptest123,password1
ptest124,password1
ptest125,password1
ptest126,password1
ptest127,password1
ptest128,password1
ptest129,password1
ptest130,password1
ptest131,password1
ptest132,password1
ptest133,password1
ptest134,password1
ptest135,password1
ptest136,password1
ptest137,password1
ptest138,password1
ptest139,password1
ptest140,password1
ptest141,password1
ptest142,password1
ptest143,password1
ptest144,password1
ptest145,password1
ptest146,password1
ptest147,password1
ptest148,password1
ptest149,password1
ptest150,password1
ptest151,password1
ptest152,password1
ptest153,password1
ptest154,password1
ptest155,password1
ptest156,password1
ptest157,password1
ptest158,password1
ptest159,password1
ptest160,password1
ptest161,password1
ptest162,password1
ptest163,password1
ptest164,password1
ptest165,password1
ptest166,password1
ptest167,password1
ptest168,password1
ptest169,password1
ptest170,password1
ptest171,password1
ptest172,password1
ptest173,password1
ptest174,password1
ptest175,password1
ptest176,password1
ptest177,password1
ptest178,password1
ptest179,password1
ptest180,password1
ptest181,password1
ptest182,password1
ptest183,password1
ptest184,password1
ptest185,password1
ptest186,password1
ptest187,password1
ptest188,password1
ptest189,password1
ptest190,password1
ptest191,password1
ptest192,password1
ptest193,password1
ptest194,password1
ptest195,password1
ptest196,password1
ptest197,password1
ptest198,password1
ptest199,password1
ptest200,password1
ptest201,password1
ptest202,password1
ptest203,password1
ptest204,password1
ptest205,password1
ptest206,password1
ptest207,password1
ptest208,password1
ptest209,password1
ptest210,password1
ptest211,password1
ptest212,password1
ptest213,password1
ptest214,password1
ptest215,password1
ptest216,password1
ptest217,password1
ptest218,password1
ptest219,password1
ptest220,password1
ptest221,password1
ptest222,password1
ptest223,password1
ptest224,password1
ptest225,password1
ptest226,password1
ptest227,password1
ptest228,password1
ptest229,password1
ptest230,password1
ptest231,password1
ptest232,password1
ptest233,password1
ptest234,password1
ptest235,password1
ptest236,password1
ptest237,password1
ptest238,password1
ptest239,password1
ptest240,password1
ptest241,password1
ptest242,password1
ptest243,password1
ptest244,password1
ptest245,password1
ptest246,password1
ptest247,password1
ptest248,password1
ptest249,password1
ptest250,password1
ptest251,password1
ptest252,password1
ptest253,password1
ptest254,password1
ptest255,password1
ptest256,password1
ptest257,password1
ptest258,password1
ptest259,password1
ptest260,password1
ptest261,password1
ptest262,password1
ptest263,password1
ptest264,password1
ptest265,password1
ptest266,password1
ptest267,password1
ptest268,password1
ptest269,password1
ptest270,password1
ptest271,password1
ptest272,password1
ptest273,password1
ptest274,password1
ptest275,password1
ptest276,password1
ptest277,password1
ptest278,password1
ptest279,password1
ptest280,password1
ptest281,password1
ptest282,password1
ptest283,password1
ptest284,password1
ptest285,password1
ptest286,password1
ptest287,password1
ptest288,password1
ptest289,password1
ptest290,password1
ptest291,password1
ptest292,password1
ptest293,password1
ptest294,password1
ptest295,password1
ptest296,password1
ptest297,password1
ptest298,password1
ptest299,password1
ptest300,password1